ИД	УРЛ
899b860d69cb468da7d33a63956735a0	https://www.google.de/search?tbm=isch&q=ли867521350121076
edf47b9029e44a08ba31bf6db9147090	https://www.google.de/search?tbm=isch&q=ли7829668298303826
4187a8840915446eaf3f424a65d1a6f0	https://www.google.de/search?tbm=isch&q=ли4461637989402678
96e080a91449430cad6e7b65abafe950	https://www.google.de/search?tbm=isch&q=ли011307513472458397
7536da7ff89a4a2889bd7ac574492680	https://www.google.de/search?tbm=isch&q=ли3334830675724195
64822fed9dc34923838e1276d937b2b0	https://www.google.de/search?tbm=isch&q=ли5239146486689854
e58728cfbc1a4d10884340859e24b460	https://www.google.de/search?tbm=isch&q=ли5216500605641354
3025a4c8f94b48f8b6abaab68c322ba0	https://www.google.de/search?tbm=isch&q=ли035248691668089416
e6746c6b584848ed8b3e81ea1f37efa0	https://www.google.de/search?tbm=isch&q=ли4400613906112716
f21440d425ad40a78c02b67437312a40	https://www.google.de/search?tbm=isch&q=ли31791260977614166
185291fe88894d3f9140178b24d29660	https://www.google.de/search?tbm=isch&q=ли050008934900064195
f3d58599f8e1473290823ce8c5531a90	https://www.google.de/search?tbm=isch&q=ли3899948378917173
e9598fcfa5b84a308147d1235d3a3930	https://www.google.de/search?tbm=isch&q=ли9880073481791596
ba21cc49e4b644e3b33e16da49f15800	https://www.google.de/search?tbm=isch&q=ли7368364138570613
37233d5d6d7f4cdaac4624c70ccdd650	https://www.google.de/search?tbm=isch&q=ли2674009914337746
0778c093fafb403ba78d626628857310	https://www.google.de/search?tbm=isch&q=ли5347678846835123
7739464280d34ee1aa77de63035c5550	https://www.google.de/search?tbm=isch&q=ли5372268025570396
6e7abd6941fb41368138aec7a2493c90	https://www.google.de/search?tbm=isch&q=ли9837055173883374
a53f14db768f4511a5542cd05f7b61f0	https://www.google.de/search?tbm=isch&q=ли6970554021123926
f4dede0020d0423fbb55d537c0df24d0	https://www.google.de/search?tbm=isch&q=ли7523277191072354
90d99139954d415c82fc38853c4633d0	https://www.google.de/search?tbm=isch&q=ли7107055481875862
ea1076143dc349f1af7bff1a8ee193e0	https://www.google.de/search?tbm=isch&q=ли3679333614699031
3d373ff92dae47f3abbcd2d576e53d30	https://www.google.de/search?tbm=isch&q=ли43751965591652264
fb9925d21d22473b860893ea8a395680	https://www.google.de/search?tbm=isch&q=ли9891379998336969
fc14944e95a643bcbd5db1ca0386e010	https://www.google.de/search?tbm=isch&q=ли13896128088330229
76be4e71a41143d2ac70516a9aa61a10	https://www.google.de/search?tbm=isch&q=ли07335923875846251
cfe6e0936e3549dd96d2df6505345e40	https://www.google.de/search?tbm=isch&q=ли1827260750576769
8cded7bae19e4491bd83bb6f39376b50	https://www.google.de/search?tbm=isch&q=ли7906137388362058
3a7b2280161a44fcb0b3223add1a1370	https://www.google.de/search?tbm=isch&q=ли5105797094947545
f78e82c2584c44f18c05acca24b3b3b0	https://www.google.de/search?tbm=isch&q=ли4804273113838954
98df3ba365cc4db194bde1d1b6af50f0	https://www.google.de/search?tbm=isch&q=ли2949557563359303
0226b85433f54df98501906d502c2e20	https://www.google.de/search?tbm=isch&q=ли41879564477518183
2f6711eeab49453082c80c8f58ee0900	https://www.google.de/search?tbm=isch&q=ли2775011832643519
9b0e5db3068b40e9bdd7a62ea37c8570	https://www.google.de/search?tbm=isch&q=ли42454721899692416
cc16b57931324a7fad6be80107f16270	https://www.google.de/search?tbm=isch&q=ли6715288500177726
ca16bfea70c543ee807c784fe7396000	https://www.google.de/search?tbm=isch&q=ли09561924233989272
dce90a2ad9e4448ab4e2c9f865d31b60	https://www.google.de/search?tbm=isch&q=ли9361459529253853
7f149b5d41ca48678c41ae544507e7e0	https://www.google.de/search?tbm=isch&q=ли45945614533042867
ad5613db63724d2699d9cf7bd126fb90	https://www.google.de/search?tbm=isch&q=ли5802863400379444
0ac8e550b89542d99ba4567794e34540	https://www.google.de/search?tbm=isch&q=ли10600458460262907
72fe2e9376554555bc2883083c3603b0	https://www.google.de/search?tbm=isch&q=ли9836294231533425
274113e655a74350b359db861b51b660	https://www.google.de/search?tbm=isch&q=ли7685253119341311
8bc200a302184382adeacfbe132ac850	https://www.google.de/search?tbm=isch&q=ли8562440725366531
969dd21e153c4f39bdc4689172f92220	https://www.google.de/search?tbm=isch&q=ли14013451504628271
65294cf72c4b4060a77e879fcfa48d10	https://www.google.de/search?tbm=isch&q=ли5553760734420053
c3bba1989c894004a5aa406f625e9530	https://www.google.de/search?tbm=isch&q=ли8929000135993467
858ac8e5cee04399bbc8c2999160e6b0	https://www.google.de/search?tbm=isch&q=ли7972567912653394
5bbf0eabb87d4360b26f7b28f46e7870	https://www.google.de/search?tbm=isch&q=ли7575406314285744
cfcd38cb6d384436833babc527800b40	https://www.google.de/search?tbm=isch&q=ли6291538798613221
2b65778283114c4d9f96565dfdfb7b70	https://www.google.de/search?tbm=isch&q=ли9674508788083214
ee9bb729f57b4c818e1ef9e5c4ed2310	https://www.google.de/search?tbm=isch&q=ли8402642114168521
1c7adafb7eae4bceb418f272601553c0	https://www.google.de/search?tbm=isch&q=ли8996918683888928
0d18125e27634b65a94b0fd554b70550	https://www.google.de/search?tbm=isch&q=ли42817538245211506
d6fb0be215c24de49c082e68e53055e0	https://www.google.de/search?tbm=isch&q=ли2053823228415418
2be66877e3864ee2a9c0b50b444bb020	https://www.google.de/search?tbm=isch&q=ли2048217371952853
734033f9d4ba4d3c9fa9be42fc172540	https://www.google.de/search?tbm=isch&q=ли09944141817068919
65ed604b939b4b86b9cb3eaec1a6cd80	https://www.google.de/search?tbm=isch&q=ли42714379949667514
484c42d34c1b4d2cbe90c95ff5bb41a0	https://www.google.de/search?tbm=isch&q=ли022951803773450186
4bba08be102e4f38837e5953c3756b90	https://www.google.de/search?tbm=isch&q=ли10440629035162219
9365c880d7e14913b81ebdda2aaa9280	https://www.google.de/search?tbm=isch&q=ли026956687798316947
7f9d7b3289884738b171a77c43e65e10	https://www.google.de/search?tbm=isch&q=ли800924131242799
7723b6d45e21450492c1e3a55c216420	https://www.google.de/search?tbm=isch&q=ли03263367126597272
cb4ebdc9c0a74b6c92b205ea14410a20	https://www.google.de/search?tbm=isch&q=ли5454511370237115
031593983a434e73adbbe1a9d9e27a70	https://www.google.de/search?tbm=isch&q=ли15183541244730014
1e3e7e8e3f58425c82b2aabe8195b8d0	https://www.google.de/search?tbm=isch&q=ли11532523312672172
1c9b87228b3f474ea0f6592c546e2b20	https://www.google.de/search?tbm=isch&q=ли7535704886730158
43ca1b7397b542acaae0dc18dfa943a0	https://www.google.de/search?tbm=isch&q=ли7174575107001904
0fe932fcdd8c41b1bb2653d407d76e20	https://www.google.de/search?tbm=isch&q=ли09833480859301058
3b385556b09f40e7a08734b0119edd50	https://www.google.de/search?tbm=isch&q=ли9449398834803485
5b4da3d09793434f8547c7cbab90c9d0	https://www.google.de/search?tbm=isch&q=ли11219126938480062
7071a2827bed4548a9ae20de04aa6520	https://www.google.de/search?tbm=isch&q=ли011259095563880717
72827f9943ee40f595cec0fa9ac96e90	https://www.google.de/search?tbm=isch&q=ли28910354655594295
aafb9cd5cb574512abded16f0bac0e20	https://www.google.de/search?tbm=isch&q=ли22392330411772976
1daa78495fe94436944a00143dcc80f0	https://www.google.de/search?tbm=isch&q=ли24686950221729198
749f976405f349e7a2b2294f42c1b5d0	https://www.google.de/search?tbm=isch&q=ли30655018501885156
4243067be3814b8c9659e7361453da90	https://www.google.de/search?tbm=isch&q=ли7148527355139905
fb462fca13f84b99bb2d78d474c6a200	https://www.google.de/search?tbm=isch&q=ли3586112333147896
0c7aef95516d4e3489d812310ed18960	https://www.google.de/search?tbm=isch&q=ли6378662547054732
d054405d23a043a08d22dd582e002ed0	https://www.google.de/search?tbm=isch&q=ли9776455221489431
a0c32c767b8243758ce5579382398ac0	https://www.google.de/search?tbm=isch&q=ли4363847227278984
206bfae348dc410eb4e50fab3c437f20	https://www.google.de/search?tbm=isch&q=ли0883879183018692
14e86b083e9c4300961dd929b76bbd40	https://www.google.de/search?tbm=isch&q=ли8101966539347472
d998eec9f683465384f653c644456130	https://www.google.de/search?tbm=isch&q=ли658712505203319
d15db288ecc9426cabae3af09016f140	https://www.google.de/search?tbm=isch&q=ли7384249819303327
0a2708bf64c7462bbec7484c495ac670	https://www.google.de/search?tbm=isch&q=ли26180245100824573
d1c0b9fa65884e6cbfcf5bbca481e7b0	https://www.google.de/search?tbm=isch&q=ли841292987288835
8c2c7a95628b4b07a37294cd4e20bdd0	https://www.google.de/search?tbm=isch&q=ли15432875712228145
6c2349dba417499abe7c85346f6990f0	https://www.google.de/search?tbm=isch&q=ли6159226845976321
b50a92b0d5c34956bd680949c8325640	https://www.google.de/search?tbm=isch&q=ли32496863998999326
97627ad62f604cf78929c3dddab108d0	https://www.google.de/search?tbm=isch&q=ли17292186212556848
f4b09224474e492bafebe99cc0334770	https://www.google.de/search?tbm=isch&q=ли640575007282675
39ee690326f84bec9326cf925e01aa70	https://www.google.de/search?tbm=isch&q=ли5873263069927935
6fe66f33254e48e6809c2e5f29f75650	https://www.google.de/search?tbm=isch&q=ли08938463763685256
be48463d57734cf78c4d2bcaf3578de0	https://www.google.de/search?tbm=isch&q=ли7312490822040628
8fefa7f533d946f6b6d1f17f63febb90	https://www.google.de/search?tbm=isch&q=ли1381268513794368
2493e7ba62064808b029537bad068d80	https://www.google.de/search?tbm=isch&q=ли5201295331950986
f383126c79d2467482705a67a2dbf650	https://www.google.de/search?tbm=isch&q=ли15027301901989365
e88da613f9b1402aa91e624b6b3aea70	https://www.google.de/search?tbm=isch&q=ли29697324747246856
105826ff77c54629b3c2524861a38640	https://www.google.de/search?tbm=isch&q=ли3315264569984554
0fb55fdf98f24e628f9a4be7e5ce9480	https://www.google.de/search?tbm=isch&q=ли4442418718537464
2da0f393c8d44a6fb88d56c590f04c80	https://www.google.de/search?tbm=isch&q=ли8400288808535339
85ab4f912f524952aeb5f96f21379890	https://www.google.de/search?tbm=isch&q=ли5605574506434705
0669d85603624c3dbc9a149bd1e20420	https://www.google.de/search?tbm=isch&q=ли446939247032728
83ebd3dee2f346ed9676d2c1d2cb8860	https://www.google.de/search?tbm=isch&q=ли506309267340063
bc449ed11e2e4cc4b6bdbd210b9617c0	https://www.google.de/search?tbm=isch&q=ли5315496298919629
40ce5f86010143c6a6b3f776975f7b50	https://www.google.de/search?tbm=isch&q=ли370066095275176
4e40e2f598db4e95a0e0b389e8ec0f80	https://www.google.de/search?tbm=isch&q=ли9017575777567295
abbc4de29b174e02a775367443a95020	https://www.google.de/search?tbm=isch&q=ли7306875705071925
eacf378452d0486eb6b9bb8c2380efb0	https://www.google.de/search?tbm=isch&q=ли5448524510399178
855395462135448aa0cb31202b1cb5c0	https://www.google.de/search?tbm=isch&q=ли8605413757754684
083388b8797d4b8f8dd3c38bebce4dc0	https://www.google.de/search?tbm=isch&q=ли8877685762019892
e98a09343ba74ebfbf7b4c071a85ed60	https://www.google.de/search?tbm=isch&q=ли3179269290338347
094e2aae9f024021a64aaada58e989e0	https://www.google.de/search?tbm=isch&q=ли7715240827961437
e1e0845ead7d48cab7c6f04fa24e61e0	https://www.google.de/search?tbm=isch&q=ли3133579878965821
c5d35981d1b24548b4204f798bd40c70	https://www.google.de/search?tbm=isch&q=ли5150980628531783
8fa5f50fc72b4ebbb95e0441de6f2cf0	https://www.google.de/search?tbm=isch&q=ли6948814721046145
87e52008240444ee87f2607f33163580	https://www.google.de/search?tbm=isch&q=ли9252794046592809
918c0b35e02848f190d802efa41775c0	https://www.google.de/search?tbm=isch&q=ли3048428259513998
55e47a119f8b40388b4c96653ba94400	https://www.google.de/search?tbm=isch&q=ли8758585847860461
d6e7682476bb4ecb8075beb145c50350	https://www.google.de/search?tbm=isch&q=ли18370595378300236
eb0e263e2a3e4f24b7a155a92dffbed0	https://www.google.de/search?tbm=isch&q=ли5316882879981819
945657877f1442829a79968a2efe5980	https://www.google.de/search?tbm=isch&q=ли6856532827123691
c3df44ee393644b59c12b3cdcc841740	https://www.google.de/search?tbm=isch&q=ли5860143845489149
924767125e1c40d4b4c675b61a1cb060	https://www.google.de/search?tbm=isch&q=ли6406517668025586
cdbb40a6d9284d7295b545fcdf1abcb0	https://www.google.de/search?tbm=isch&q=ли8227868858725127
e0dc00ea91834d63a12f45bd77e6c790	https://www.google.de/search?tbm=isch&q=ли015657571295406347
8a84f16b7b3149ea91930b22d120fc50	https://www.google.de/search?tbm=isch&q=ли6935406777005912
3bf6f89a2dcc46c884b43a57c9bc2740	https://www.google.de/search?tbm=isch&q=ли8642278469613894
f46fc59f67f447bfaad5d01829845fe0	https://www.google.de/search?tbm=isch&q=ли9682362364617291
8aa251f345484d12bf5bb409be2633e0	https://www.google.de/search?tbm=isch&q=ли17766393543849845
2b7459f581be4e64b775e0f1f094d9d0	https://www.google.de/search?tbm=isch&q=ли8098600627685213
4f21283d6486454ab0f1e72a1f660780	https://www.google.de/search?tbm=isch&q=ли08319873414599399
b40aa446ccbd436698091f98719bcee0	https://www.google.de/search?tbm=isch&q=ли48577232232297185
7acf2e641cb84448997b0030354c7100	https://www.google.de/search?tbm=isch&q=ли7448227716582002
08e4ad76501d4faa990ea4b8bd0ef540	https://www.google.de/search?tbm=isch&q=ли08267651649019214
544747ff2fb046aeade2fe54ebbc61a0	https://www.google.de/search?tbm=isch&q=ли8349140019433132
31e61687edfe4eb7a08721e91b6cdbc0	https://www.google.de/search?tbm=isch&q=ли8186083536985646
5b097d38ca8849beaaed93ca3254d670	https://www.google.de/search?tbm=isch&q=ли2688230176384553
2d7e58f595c04b27b20dcf214a243930	https://www.google.de/search?tbm=isch&q=ли46380026339022773
7d739ad1901b4fe5ab945f2c45a18d40	https://www.google.de/search?tbm=isch&q=ли2704210926901649
ccb2fc6db4e44470bb2ca4d62ae85d20	https://www.google.de/search?tbm=isch&q=ли33176390784055343
a6e267055dff4c5c9eb88dff98bc2b70	https://www.google.de/search?tbm=isch&q=ли7868968822378289
31243dcaf20447baa8d8828672f9f720	https://www.google.de/search?tbm=isch&q=ли7482651678242735
5573c39e0c644504bca03ee97427c7e0	https://www.google.de/search?tbm=isch&q=ли8889616602745494
5f01a70f251b49caad32879399d975c0	https://www.google.de/search?tbm=isch&q=ли6567002106794824
5b2805d9992d4454a0d127da6777a8b0	https://www.google.de/search?tbm=isch&q=ли06843096860508902
2afbf4d139cd49ddae98d329ff6b3a10	https://www.google.de/search?tbm=isch&q=ли35933991852877445
c667f7b3f0164b6ab469622fb83ccf70	https://www.google.de/search?tbm=isch&q=ли832278121038791
fce1f2fc97e846aba7d6345cef847650	https://www.google.de/search?tbm=isch&q=ли25538711059908714
ed88ee5756ec430d9d1d71dfe2b79ca0	https://www.google.de/search?tbm=isch&q=ли45758397622087
c4704acd297044878d627d572ab48460	https://www.google.de/search?tbm=isch&q=ли7964381511626553
a28975a29a604b6188fe7ff78c7a3880	https://www.google.de/search?tbm=isch&q=ли8499320894776471
b3a77cdc7514456c920677adc930cd00	https://www.google.de/search?tbm=isch&q=ли13646414535845464
14862092411745f1b8a05718d1d15ff0	https://www.google.de/search?tbm=isch&q=ли28127865820350206
